id,title,score,members,demographic,tags
3,20th Century Boys,8.93,303909,Seinen,"Award Winning, Drama, Mystery, Sci-Fi, Historical, Psychological"
4,Yokohama Kaidashi Kikou,8.64,84324,Seinen,"Award Winning, Sci-Fi, Slice of Life, Iyashikei"
38,+Anima,7.65,22219,Shounen,"Adventure, Fantasy"
64,13 Nichi wa Kinyoubi?,6.75,896,Shoujo,"Mystery, Supernatural, School"
68,3.3.7 Byooshi!!,7.08,2680,Shounen,"Comedy, Drama, Romance, Ecchi"
79,Red River,8.27,26565,Shoujo,"Action, Adventure, Award Winning, Drama, Fantasy, Romance, Supernatural, Historical, Time Travel"
109,Wish,7.41,14783,Shoujo,"Fantasy, Romance, Supernatural"
122,Angel Cup,6.77,459,,"Comedy, Sports, Team Sports"
150,Blazin' Barrels,6.78,551,,"Action, Adventure, Comedy, Fantasy, Sci-Fi"
165,Cherry Juice,7.2,11362,Shoujo,"Comedy, Romance, School"
235,Open The Door Through Your Heart,7.06,1261,,"Boys Love, Erotica"
238,Dear Myself: World's End,6.97,1329,,Boys Love
318,Manga Sutra,7.25,16125,Seinen,"Comedy, Romance, Slice of Life, Ecchi"
338,Chrno Crusade,8.11,30337,Shounen,"Action, Adventure, Drama, Fantasy, Romance, Sci-Fi, Supernatural"
367,Hyper Police,7.17,1296,Shounen,"Action, Comedy, Fantasy, Supernatural, Ecchi"
375,Initial D,8.25,34136,Seinen,"Action, Drama, Racing"
435,Love or Money,,301,Shoujo,
437,Dream Gold,,231,Shounen,"Action, Fantasy, Mystery"
476,Peppermint,7.08,889,,"Comedy, Drama, Romance, School"
481,Planetes,8.23,62538,Seinen,"Award Winning, Drama, Sci-Fi, Slice of Life, Adult Cast, Psychological, Space, Workplace"
535,STONe,6.46,732,Seinen,"Action, Adventure, Sci-Fi"
551,The Tarot Café,7.67,7866,,"Boys Love, Comedy, Drama, Fantasy, Horror, Mystery, Romance, Supernatural"
552,Man of Many Faces,6.59,3722,Shoujo,"Comedy, Fantasy"
582,Kodomo no Jikan,7.79,22939,Seinen,"Comedy, Drama, Romance, Slice of Life, Ecchi, School"
623,Chikyu Misaki,7.12,1170,Shounen,"Adventure, Fantasy, Mystery"
656,Vagabond,9.27,447167,Seinen,"Action, Adventure, Award Winning, Historical, Samurai"
681,Moonlight Mile,6.92,1297,Seinen,"Adventure, Drama, Sci-Fi, Space"
720,Bamboo Blade,7.32,8311,Seinen,"Comedy, Sports, Combat Sports, School"
759,My Bride is a Mermaid,7.49,9286,Shounen,"Comedy, Romance, Ecchi, Harem, Organized Crime, Parody, School"
764,Kamui,7.17,2504,Shoujo,"Action, Adventure, Fantasy, Sci-Fi, Super Power"
779,Kashimashi: Girl Meets Girl,7.27,9328,,"Comedy, Drama, Girls Love, Love Polygon, Magical Sex Shift"
793,Wanted! Eiichiro Oda Before One Piece,7.31,16357,Shounen,"Action, Comedy"
816,The Sky Over My Spectacles,7.11,2379,,"Boys Love, Erotica"
823,Black Sun Silver Moon,7.45,1095,Shoujo,"Mystery, Supernatural, Mythology"
861,Togari,7.2,5340,Shounen,"Adventure, Supernatural, Psychological"
900,Akane-chan Overdrive,6.22,7423,Shoujo,"Comedy, Ecchi, Reincarnation"
912,Tomie,7.78,102101,Shoujo,"Drama, Horror, Supernatural, Gore"
920,Shion no Ou: The Flowers of Hard Blood.,7.39,2961,Seinen,"Drama, Mystery"
935,Dragon Drive,6.98,4248,Shounen,"Action, Adventure, Fantasy, Sci-Fi, Isekai"
944,Chuuka Ichiban!,7.36,1588,Shounen,"Comedy, Gourmet"
988,Shijou Saikyou no Deshi Kenichi,8.08,72901,Shounen,"Action, Comedy, Drama, Ecchi, Martial Arts"
998,No Bra,6.56,9625,Shounen,"Comedy, Romance, Ecchi, Crossdressing"
1012,Yamato Gensouki,6.48,1689,Shounen,"Action, Adventure, Fantasy"
1041,Ichiban!!!,7.19,959,Shoujo,"Comedy, Romance, School"
1061,Case Closed,8.28,64264,Shounen,"Adventure, Award Winning, Comedy, Mystery, Detective"
1107,Time Guardian,6.92,634,Shoujo,"Fantasy, Mystery"
1136,Bakumatsu Seishun Hanafubuki,6.6,626,,"Boys Love, Comedy, Erotica, Historical"
1172,Your Honest Deceit,6.7,690,,"Boys Love, Erotica"
1252,Hissing,7.07,696,Shoujo,Romance
1276,Otogi no Machi no Rena,6.42,2066,Seinen,"Comedy, Romance, Supernatural, Ecchi"
1288,School Days,6.26,16583,Shounen,"Drama, Romance, School"
1289,Ikaryaku,,407,,"Comedy, Parody"
1365,Kaze to Ki no Uta,8.12,11289,Shoujo,"Award Winning, Boys Love, Drama, Historical"
1384,Love is Like a Hurricane,6.98,1087,,"Boys Love, Comedy, Romance, Erotica, School"
1482,Fantastic Tales,6.75,455,Shoujo,"Fantasy, Martial Arts"
1514,Voyeur,6.27,1698,Seinen,"Drama, Psychological"
1537,Bronze: Zetsuai Since 1989,7.54,1836,Shoujo,"Boys Love, Drama, Erotica, Psychological"
1614,Wild Rose,6.84,1085,Shoujo,Supernatural
1637,Muchakucha Daisuki.,7.09,2696,Shoujo,"Drama, Romance"
1666,Blue Spice,7.08,1381,Shoujo,Romance
1692,S☆☆Friend,6.79,643,,"Boys Love, Erotica"
1702,Jisatsu Circle,6.49,23676,,"Horror, Psychological"
1774,Eensy-Weensy Monster,7.44,3415,Shoujo,"Comedy, Fantasy, School"
1791,Captain Tsubasa: Road to 2002,7.47,2652,Seinen,"Drama, Sports, Team Sports"
1796,Dawn: Tsumetai Te,7.01,6556,Josei,"Drama, Horror"
1825,Luna Lunatic,6.98,431,Shoujo,"Comedy, Supernatural"
1859,Natsume's Book of Friends,8.67,49553,Shoujo,"Drama, Supernatural, Iyashikei"
1874,Cherish,7.04,3363,Josei,"Drama, Romance"
1889,Gomen Asobase!,6.94,752,Shoujo,Romance
1896,A Devil and Her Love Song,7.62,33261,Shoujo,"Drama, Romance, School"
1935,Yuretsuzukeru,6.68,5004,Seinen,"Drama, Sci-Fi, Psychological"
1942,West End,,181,,"Boys Love, Erotica"
2001,Three and a Half,6.65,1091,,"Boys Love, Erotica"
2003,Pathos dj - Deep Throat,6.71,412,,"Boys Love, Fantasy, Erotica, Vampire"
2010,Deep Flower,6.78,1675,,"Boys Love, Erotica"
2011,Hada Made Aishite,6.75,535,,"Boys Love, Erotica"
2039,Immoral Lovesickness,6.99,1925,,"Boys Love, Erotica"
2096,Koi no Okite,6.38,343,,"Boys Love, Erotica"
2108,Romantic Beauty,6.98,3020,Shoujo,Romance
2134,Saving Life,6.91,670,Shounen,"Comedy, Ecchi"
2199,Secretary,6.56,1197,,"Boys Love, Erotica"
2236,Fan dj - White Daisy,6.42,519,,"Boys Love, Erotica"
2237,Hanon,6.6,476,,"Boys Love, Erotica"
2279,Tanutan,6.55,349,,"Boys Love, Erotica"
2289,Inshallah,,117,,"Boys Love, Erotica"
2299,Otoko no Aishikata,,176,,"Boys Love, Comedy, Erotica"
2361,3 Pieces,6.29,760,,"Boys Love, Erotica"
2366,Double♥Mind,,75,,"Boys Love, Erotica"
2371,Oteuchi Kakugo!,6.75,462,,"Boys Love, Erotica"
2384,Junjou,7.65,1589,,"Boys Love, Erotica"
2427,Aquadom,6.27,587,Shoujo,"Action, Adventure, Boys Love, Fantasy, Sci-Fi, Mecha"
2447,Your Word Is My Command,7.19,2497,,"Boys Love, Erotica, School"
2461,Sweet vs Home,6.56,590,,Boys Love
2469,Midnight Carrier,6.69,633,,"Boys Love, Erotica"
2489,Yasashii Kankei,7.01,968,,"Boys Love, Erotica"
2505,Kokoro Kikai.,7.3,4433,,"Boys Love, School"
2558,Itadakimasu,7.32,4281,Josei,"Comedy, Romance, Ecchi"
2581,Maria,6.77,982,Shoujo,"Drama, Romance, School"
2598,Clannad,7.88,12580,Seinen,"Drama, Romance, School"
2619,Shards of Affection,6.96,916,,"Boys Love, Supernatural, Erotica"
2643,Lover's Pledge,7.2,2108,,"Boys Love, Comedy, Erotica, School"
2678,I can't stand only the kiss!,7.16,1410,,"Boys Love, Romance"
2760,Seinen 14-sai,6.81,832,,"Boys Love, Comedy, Drama, Romance, Erotica, School"
2775,Okubyou na Yubisaki,6.7,386,,"Boys Love, Supernatural, Erotica"
2955,Otome wa Boku ni Koishiteru,6.86,2507,,"Comedy, Romance, Slice of Life, Ecchi, Crossdressing, School"
3035,Kaede Typhoon,6.27,1493,Shoujo,"Action, Comedy, Romance, Martial Arts"
3039,Strawberry Panic,7.02,8238,,"Drama, Girls Love"
3066,Enslave Lover,6.88,790,,"Boys Love, Erotica"
3120,Hallucination from the Womb,6.97,2138,,"Drama, Sci-Fi, Psychological"
3134,Because He Is My Dear Sweetheart,5.74,777,,"Boys Love, Drama, Erotica"
3167,A Little Snow Fairy Sugar,6.82,1357,Shounen,"Fantasy, Slice of Life, School"
3168,Hiatari Ryoukou!,7.11,1509,Shoujo,"Comedy, Romance, Sports"
3172,Three in Love,,182,Shoujo,Romance
3248,100 Days Dream,6.49,2515,Shoujo,
3274,Shuna's Journey,7.63,6244,,"Adventure, Fantasy"
3288,Love♡Lucky!,7.37,6208,Seinen,"Comedy, Romance, Ecchi, Showbiz"
3395,Dominion,6.78,2973,Shounen,"Action, Comedy, Sci-Fi, Detective, Mecha"
3396,Black Magic,5.97,1866,,"Action, Sci-Fi"
3410,Secret Plot,6.66,1049,,Hentai
3432,Princess Mimia,6.7,484,Seinen,"Fantasy, Sci-Fi"
3433,Virgin Night,6.55,648,Seinen,"Romance, Ecchi"
3489,Infinite Ryvius,6.41,522,,"Adventure, Drama, Romance, Sci-Fi, Mecha, Psychological"
3501,S&M University,6.5,469,,"Drama, Hentai, Psychological, School"
3516,Pochi,6.83,369,Shoujo,"Comedy, Romance"
3526,Fate/Kaleid Liner Prisma Illya,7.05,11509,,"Action, Comedy, Fantasy, Mahou Shoujo"
3536,Heat: Ring of Destiny,,242,,"Drama, Hentai, Harem"
3596,Eikou no Te,6.15,420,Shoujo,Horror
3624,Spunky Knight,6.56,306,,"Adventure, Comedy, Fantasy, Hentai"
3633,Beast Master,7.94,62502,Shoujo,"Comedy, Romance"
3636,Rasetsu,7.8,4254,Shoujo,"Mystery, Supernatural"
3693,Saratte Watashi no Knight,6.58,400,Shoujo,"Adventure, Drama, Romance, Historical"
3738,Tsuki wa Yamiyo ni Kakuru ga Gotoku,6.7,1361,,"Boys Love, Historical"
3741,Lord,7.09,1493,Seinen,"Action, Historical"
3858,Share,6.3,685,,"Boys Love, Erotica"
3885,Zero - The Beginning of The Coffin,7.34,5634,Seinen,"Action, Sci-Fi, Supernatural"
3922,Chinetsu Karte,,350,,Hentai
3952,"A Hot, Romantic Night",6.35,1436,Shoujo,"Comedy, Romance, Supernatural"
4005,Fist of the North Star: The Conquering King of the Heavens - Raoh's Story,6.95,1176,Seinen,"Action, Martial Arts"
4016,Yaya,6.97,949,Shoujo,"Drama, Romance"
4027,Milky Way,,228,Shoujo,"Romance, Sci-Fi"
4119,Animal Academy,7.3,1600,Shounen,"Fantasy, School"
4161,Yui Kanonsho: Lost Memories,,380,Shoujo,"Drama, Fantasy, Horror, Supernatural, Vampire"
4182,the Life of Ichabod,,189,Seinen,Action
4189,Hard Rock,6.89,1083,,"Boys Love, Romance, Erotica, Music, School"
4191,Red,,242,,"Boys Love, Drama, Historical"
4225,Family Play,6.42,353,Josei,"Drama, Girls Love, Slice of Life, Erotica, Hentai, Harem"
4242,Tales of Innocence,6.9,1393,Shounen,"Adventure, Fantasy"
4254,Ii Hito,7.15,572,Seinen,"Drama, Romance"
4259,Roman Club,,437,Shounen,"Adventure, Slice of Life, Supernatural"
4269,Godhand Teru,7.43,1311,Shounen,"Adventure, Comedy, Drama, Medical"
4423,Oooku: The Inner Chambers,8.12,12963,Shoujo,"Award Winning, Drama, Historical, Samurai"
4428,Koi Cupid,,433,,"Comedy, Fantasy, Romance"
4459,Demon Flowers,7.41,1079,Shoujo,"Action, Fantasy, Supernatural"
4521,Himitsu - H na Naishobanashi,6.05,2156,Shoujo,"Drama, Romance"
4526,Anata no Omocha,6.57,572,Shoujo,
4544,Sakura Irony,6.98,1051,Shoujo,"Comedy, Romance, School"
4557,Valkyria: Neav Saga,,218,,"Action, Fantasy"
4558,Clowick Canaan-Vail,6.5,368,,
4580,Beauty Honey,6.88,1455,Shoujo,"Comedy, Romance"
4683,Adult Time,7.2,1853,Shoujo,"Romance, School"
4725,Yuuwaku Healing,,240,Shoujo,"Romance, School"
4741,Haitoku no O-niwa,6.63,311,,Hentai
4778,A Rose Colored Life,6.96,734,,"Boys Love, Comedy, Erotica"
4784,Summer Affair,,76,,"Boys Love, Erotica"
4794,U・BU U・BU,,101,Shoujo,"Romance, Showbiz"
4803,Super Great Darling,,395,Shoujo,Romance
4804,Ohoshisama ni Onegai!,,212,Shoujo,
4805,Sugar☆Family,7.21,5491,Shoujo,"Comedy, Romance, School"
4807,Honey,,569,Shoujo,"Romance, School"
4834,Hotondo Ijou Zettai Miman,,53,Shoujo,
4844,The World of Narue,6.8,2068,Shounen,"Award Winning, Comedy, Drama, Romance, Sci-Fi, School"
4893,Tenshi Kouryaku Manual,6.87,482,Shoujo,"Comedy, Fantasy, Romance"
4966,Genei Hakurankai,6.74,717,Seinen,Mystery
5013,Urooboe Uroboros!,6.58,5344,Shounen,"Action, Romance, School"
5015,The Legend of Mother Sarah,7.41,5972,Seinen,"Action, Adventure, Drama, Sci-Fi"
5097,Double Cast,6.72,1286,,"Boys Love, Erotica"
5127,Fire of Love,6.81,768,,"Boys Love, Erotica"
5129,Roman Gousha,6.94,1855,,"Boys Love, Erotica, Historical"
5192,Project Zeorymer,5.59,569,,"Action, Drama, Sci-Fi, Hentai, Mecha"
5203,Mobile Suit Crossbone Gundam: Skull Heart,6.97,1980,,"Action, Sci-Fi, Mecha, Military, Space"
5208,Phantom Wizard,6.4,857,Shounen,"Action, Adventure, Fantasy"
5233,Suigara no Nedoko,,47,,"Boys Love, Erotica"
5355,Hidoi Otoko.,7.02,1087,,"Boys Love, Erotica"
5391,Sunaebo,6.9,1397,Shoujo,"Drama, Romance"
5401,Ayako,7.67,10609,Seinen,"Drama, Historical, Psychological"
5417,Shin Happy People,,216,Seinen,"Comedy, Drama"
5418,Macross 7 Trash,6.52,1106,Shounen,"Action, Drama, Sci-Fi, Mecha, Military, Music, Space"
5451,Ultimate Muscle: The Kinnikuman Legacy,7.4,1739,,"Action, Comedy, Martial Arts, Super Power"
5479,Jinzou Shoujo,6.54,2017,Shoujo,"Drama, Horror, Mystery, Romance, Sci-Fi, Magical Sex Shift"
5512,Did I Do Something Wrong?,5.46,557,Shoujo,"Comedy, School"
5559,Worthless Love,,94,,"Boys Love, Erotica"
5584,Wreckage X,5.46,705,,Adventure
5632,Night Warriors: Darkstalkers' Revenge,,450,Seinen,"Action, Supernatural"
5650,I too have a word to say about it,6.85,836,,"Boys Love, Comedy, Erotica"
5653,Morning Kiss,6.55,579,,"Boys Love, Erotica"
5674,Negative Happy Chainsaw Edge,6.88,12470,Shounen,"Action, Romance, Suspense, Ecchi, Psychological"
5678,Dan Dan Dakishimete,,117,Shoujo,Romance
5700,Lovers Flowers,6.76,529,Shoujo,Romance
5732,The Boy Toy,6.71,2365,,"Boys Love, Drama, Erotica"
5736,Too Hot to Handle,6.82,899,,"Hentai, School"
5745,Love Luck,7.32,3360,Shoujo,"Comedy, Romance"
5762,Makeru na Otoko Yo,5.95,269,,"Boys Love, Erotica, School"
5802,Lost+Brain,6.47,10368,Shounen,"Drama, Psychological"
5808,Flower,6.46,613,Shoujo,"Drama, Romance"
5824,Pink de Ikou!,6.9,423,Shoujo,"Romance, School"
5927,Kiiroi Isu,6.47,1099,Shoujo,
5943,Hanshin,7.32,5698,Shoujo,"Drama, Psychological"
5957,Electric Prince Takahashi,,128,Shoujo,"Fantasy, Romance"
5970,Shokubutsu Zukan,,205,,"Boys Love, Drama"
5976,16 Engage,6.4,1315,Shoujo,"Drama, Romance"
5981,Goshujinsama ni Amai Ringo no Okashi,6.17,273,Shoujo,"Comedy, Drama, Romance"
6006,Gentle Cage,7.24,365,,"Boys Love, Erotica"
6087,Koisuru Heart de Taihoshite,6.9,1935,Shoujo,"Romance, Detective"
6089,Crimson MIX Special,,157,Shoujo,"Fantasy, Romance"
6091,Tonari ni Kimi no Nukumori wo,7.15,2967,,"Boys Love, Erotica"
6099,Honnori Vanilla,,180,,"Boys Love, Comedy"
6226,NuiguruMix♥,6.83,1001,Seinen,"Comedy, Romance, Supernatural, Ecchi, Harem, School"
6294,One More Jump,,111,Shoujo,"Award Winning, Romance, Sports"
6384,Momoman,,102,Shoujo,
6388,Boys' Kingdom II,,384,Shoujo,"Comedy, Romance, School"
6444,Naruto,6.5,17370,Shounen,Action
6524,Love Together,6.6,308,,"Boys Love, Erotica"
6766,Go With a Kiss!,,167,Shoujo,Romance
6808,Saikou no Kiss wo Ageru,7.36,2354,Shoujo,
6810,Love or Pride,7.12,1691,,"Boys Love, Erotica"
6834,Nephylym,,209,Seinen,"Action, Comedy, Fantasy"
6838,"""Kiss me!"" After school",7.35,5191,Shoujo,"Comedy, Romance, School"
6885,The True Feeling of Lust,,85,Shoujo,"Romance, Ecchi"
7067,Skyhigh: Shinshou,7.32,2639,Seinen,"Drama, Horror, Supernatural"
7092,Meg to Seron,,366,,"Action, Adventure, Fantasy"
7113,Baka.,5.55,397,Seinen,"Comedy, School"
7115,Getsumen to Heiki Miina,,347,Shounen,"Action, Comedy, Fantasy, Sci-Fi, Ecchi"
7140,Jewelry★Eyes,6.98,1146,Shoujo,Romance
7169,Tengai Retrogical,,100,,"Comedy, Fantasy"
7195,Devil Kings,7.22,1218,Shounen,"Action, Fantasy, Martial Arts, Samurai"
7215,Dan Doh!! Xi,,204,Shounen,"Romance, Sports"
7287,Chiki Chiki Banana,6.66,437,Shoujo,Romance
7289,"No, No, Darling",6.44,416,Shoujo,Romance
7323,The Aristocrat's Blue Kiss,7.1,1706,,"Boys Love, Erotica"
7325,Sengoku Strays,7.62,6019,Shounen,"Action, Fantasy, Historical, Time Travel"
7369,Call My Name,,387,Shoujo,
7376,Masuraou,6.66,1984,Seinen,"Action, Comedy"
7431,Uwasa no Kanojo,6.95,1360,,"Comedy, Romance, School"
7533,Koukaku no Regios,7.67,4115,,"Fantasy, Sci-Fi, School"
7545,Shishunki wa Hatsujouki.,7.0,948,,"Hentai, School"
7576,Kawaii tte Itte yo,7.07,1459,Shoujo,Romance
7634,High School! Kimengumi,7.28,996,Shounen,"Comedy, Gag Humor, School"
7668,Complex,8.15,4000,,"Boys Love, Erotica"
7688,H,6.21,699,,Hentai
7733,Sonna Koe Dashicha Iya,6.8,915,Shoujo,"Comedy, Drama, Romance"
7735,Cinderella Fella,6.8,883,,"Comedy, Romance"
7736,Confessing Truthfully,6.92,620,,"Romance, School"
7766,Mayonaka Express,7.22,653,Shoujo,"Comedy, Fantasy, Romance, Sci-Fi, Supernatural"
7808,Royal Standard II,,78,,Hentai
7825,Little Sister's Panties,,199,,"Ecchi, Hentai"
7940,Leave It to Me!,,261,Shoujo,"Romance, School"
7973,Eccentric Lover,,52,Shoujo,
7996,Deborah Is My Rival,6.77,346,Shoujo,Romance
7999,Azamaru,6.49,880,Seinen,"Action, Romance, Historical"
8015,Seijou Kouchakan no Jijou,6.54,1941,Seinen,"Boys Love, Comedy, Girls Love, Romance, Ecchi, Magical Sex Shift"
8023,Aoiro Toshokan,6.69,531,Shoujo,
8041,Kowashitai hodo Aisaretai,,102,Shoujo,
8063,Akuma Kari: Kanmuri Tsubasa no Seitenshihen,,78,Shounen,"Action, Fantasy"
8067,SiraYuki PaniMix!,6.87,487,Shounen,Fantasy
8121,Himitsu no Ren'ai Drama,,114,Shoujo,"Drama, Romance"
8126,Playing Love Performance with Me,,50,Shoujo,Romance
8130,10 Nenme no Koi,,96,,
8140,Idolmaster Xenoglossia,,336,,"Sci-Fi, Mecha"
8142,Rental Magica from Solomon,,408,,"Action, Comedy, Fantasy, Supernatural"
8223,Issho ni Neyou yo,7.59,3738,Shoujo,"Comedy, Romance"
8239,Vampire Knight: Ice Blue Sin,7.63,4701,,"Romance, Supernatural, Vampire"
8404,Buttobi!! CPU,6.44,586,Seinen,"Comedy, Sci-Fi, Ecchi"
8439,Ano Ko to Boku no Ie,7.21,2594,Shoujo,"Comedy, Romance"
8446,Ikigami: The Ultimate Limit,7.78,25530,Seinen,"Action, Drama, Mystery, Suspense, Psychological"
8499,Rambo Sensei,,138,,"Action, Ecchi, School"
8578,Sumire wa Blue,6.92,1371,Shoujo,"Romance, Slice of Life"
8644,Just!!,,313,,"Boys Love, Comedy, Love Polygon, School"
8681,Milky Magic,,104,Shoujo,"Drama, Romance, Supernatural"
8727,Meru Meru Mail,7.16,1362,Shoujo,"Comedy, Romance, School"
8734,8,6.37,896,Seinen,"Drama, Supernatural, Psychological"
8779,Love at the Fingertip,6.53,333,Shoujo,"Drama, Romance"
8783,Majinou Gallon,,441,Shounen,"Action, Sci-Fi"
8794,Suki ja Nai,6.78,569,Shoujo,
8798,Uchi no Hide,6.44,519,,Slice of Life
8811,Koisuru Wakusei,6.49,762,Shoujo,Romance
8904,Exotic and Delicious Fate,6.95,981,,"Boys Love, Erotica"
8921,Overclock - Once in a Blue Moon -,,66,Shoujo,
8922,Clan of the Nakagamis - The Devil Cometh,,248,,"Boys Love, Comedy, Romance, Erotica"
8950,Hanamaru Kindergarten,7.43,3940,Seinen,"Comedy, Slice of Life, Childcare"
8953,The Boyfriend Next Door,6.98,1776,,"Boys Love, Slice of Life"
8976,Street Fighter: Sakura Gives it Her Best!; Street Fighter Sakura Ganbaru!,7.27,1229,,"Action, Martial Arts"
9041,Really? Really! Remember Memories,7.04,661,Shounen,"Comedy, Romance, Love Polygon, School"
9064,Kiss XXXX,,435,Shoujo,"Drama, Romance"
9145,Designer,,251,Shoujo,Romance
9147,Banana Bread no Pudding,6.36,1605,Shoujo,"Comedy, Drama, Psychological"
9161,"The secret butler; The Person That She Likes; Think Of You, Clavier; Would You Like To Adopt And Raise A Beauty?",7.16,3793,Shoujo,"Romance, School"
9172,Mosaic Rasen,,211,Shoujo,"Drama, Fantasy, Romance"
9173,Mesh,,278,Shoujo,"Drama, Psychological"
9199,Raspberry Crisis,6.15,460,,"Boys Love, Erotica"
9208,The Evolution of Angels,,121,Shoujo,"Drama, Romance, Sci-Fi"
9285,Sons of Eve,,287,,"Boys Love, Comedy, Historical"
9395,Erika's Season,,63,Shoujo,"Drama, Romance"
9548,Higurashi WHEN THEY CRY: Massacre Arc,8.29,12818,,"Drama, Horror, Mystery, Psychological"
9610,Kanojo ga Shinjatta.,,114,Seinen,"Romance, Ecchi"
9645,Monkey Strip,6.38,576,Josei,Ecchi
9699,Classmates,8.29,43517,,"Boys Love, Slice of Life, School"
9706,Fukufuku Fu-nya~n,,309,Josei,"Adventure, Comedy, Slice of Life, Pets"
9719,Ryuurouden: Chuugen Ryouran-hen,7.42,449,Shounen,"Action, Historical, Time Travel"
9751,Jinrui Nekoka,6.82,411,Shounen,"Comedy, Romance, Slice of Life"
9865,Monzetsu Caligula Machine,6.64,478,,Hentai
9872,Aji Ichi Monme,,178,Seinen,"Award Winning, Comedy, Drama, Gourmet, Slice of Life, Historical"
9919,Flash Bang!,,204,,Hentai
9922,Renai Complex,,196,,Hentai
9979,Yowaito Nikki,6.78,1134,Shoujo,"Action, Adventure, Samurai"
10009,Ano Niji wo Koete: Sakamoto-san Chi Monogatari,,122,Shoujo,"Comedy, Romance"
10078,Shigofumi: Stories of Last Letter,,707,,Supernatural
10105,Inumarudashi,6.27,526,Shounen,"Comedy, Slice of Life, Childcare, Gag Humor, School"
10116,P.S. Lovin' Song,,33,Shoujo,"Romance, Music"
10117,Punky!,,36,Shoujo,"Romance, School"
10137,Kokoro Made Daite,6.64,302,,Romance
10209,Sexy Effect 96,,329,,"Action, Boys Love, Drama, Erotica"
10221,Saikkyou Lover,6.77,298,,"Boys Love, Erotica"
10226,Samurai 7,6.41,1497,,"Fantasy, Historical, Mecha, Samurai"
10280,Tanpo,,208,Shounen,"Comedy, Ecchi"
10288,Arbeiter Kintarou,,238,Shounen,"Action, Super Power"
10345,Leader's High!,,128,Shounen,School
10365,Sonic the Hedgehog,,380,Kids,Comedy
10371,Tokyo Marble Chocolate,6.77,1366,Josei,Romance
10378,Delivery,6.65,2093,Shoujo,"Drama, Romance"
10402,Slayers Light Magic,6.97,872,,"Adventure, Comedy, Fantasy, Time Travel"
10425,Luminous Arc 2: Will,,114,,Fantasy
10457,Love's Remedy,,160,,"Boys Love, Erotica"
10624,Angel Myth,,308,Shoujo,"Fantasy, Romance"
10636,Hybrid Berry,7.04,1236,Shoujo,"Comedy, Romance, Sports, Team Sports"
10657,The Beautiful Skies of Houou High,7.38,9628,Shoujo,"Comedy, Romance, Crossdressing, School"
10664,Cocoa Riron,5.71,431,,"Comedy, Girls Love, Slice of Life, School"
10679,Blood: the Last Vampire: Night of the Beasts,7.04,698,,"Action, Horror, Mystery, Supernatural, Vampire"
10699,Tengoku no Inu Monogatari,6.87,241,Shoujo,"Slice of Life, Pets"
10762,After School Men's Harem,6.75,1209,,"Boys Love, Erotica"
10811,Nakizakura Kitan,7.47,1172,Shoujo,"Drama, Fantasy, Romance, Supernatural"
10820,Ghost in the Shell 2: Innocence - After the Long Goodbye,7.32,1221,,"Drama, Mystery, Sci-Fi, Adult Cast, Detective, Psychological"
10835,Total Surrender,6.63,339,,"Boys Love, Erotica"
10980,Nessa no Kusari,6.54,1123,,"Boys Love, Erotica"
10983,Youkai Gakuenki,6.6,669,,"Comedy, Fantasy, Girls Love, School"
10984,No.5,7.61,7053,Seinen,"Sci-Fi, Suspense"
11015,Holiday,7.15,1895,Shoujo,"Drama, Romance"
11099,Boyfriend,,110,Shoujo,Romance
11115,Cannon Sensei Tobashisugi,6.99,664,,"Comedy, Romance, Hentai"
11118,Kamisama Dolls,7.07,3543,Seinen,"Action, Drama, Supernatural, Mecha"
11163,I'm a prisoner of a liar man.,7.42,2650,,"Boys Love, Drama, Erotica"
11183,"Love Sex, Kiss",,259,,"Boys Love, Erotica"
11223,The Man of Tango,7.32,1283,,"Boys Love, Drama, Erotica"
11248,Binkan Kiss,6.23,1212,,Romance
11328,The Prince of Usagi,6.77,313,,"Boys Love, Fantasy, Urban Fantasy"
11378,Wonder Boy,7.46,1825,Seinen,"Drama, Mystery, Supernatural, Time Travel"
11391,Atsu♡Atsu Trattoria,7.05,3153,Shoujo,Romance
11442,Love Romance Sweet Kiss,6.48,1153,,"Boys Love, Drama, Erotica"
11499,Xam'd: Lost Memories - Pilgrim of the Compass,,667,,Adventure
11559,Aries,7.08,864,Shoujo,"Drama, Fantasy, Romance, Supernatural, Historical"
11683,Tsuki no Waltz,7.44,2446,Shoujo,"Romance, Historical"
11685,Ameiro Kochakan Kandan,7.38,5831,,"Comedy, Girls Love, Slice of Life"
11699,Cappuccino,6.83,4077,Josei,"Drama, Romance, Slice of Life"
11748,Ginban Kaleidoscope,,364,,
11762,Stringendo,7.08,1276,,Hentai
11793,"I don't like you at all, Big Brother!!",6.56,7590,,"Comedy, Romance, Ecchi, Harem, School"
11805,The Best!! Extremely Cool Student Council President,,376,Shoujo,"Romance, School"
11866,Gunjou,7.4,6923,Seinen,"Drama, Girls Love, Erotica, Psychological"
11895,After School Host,,101,Shoujo,"Comedy, Romance"
11939,Tengu Onmyoudou,,341,Shoujo,"Fantasy, Historical"
11952,Satanister,6.57,1127,Josei,"Horror, Psychological"
11975,Inu Usa Neko 2,6.31,381,,Slice of Life
12034,Erotic Heart Mother,7.13,1726,,"Drama, Hentai"
12095,Shinobi Masen!,,66,,"Boys Love, Comedy, Erotica"
12123,Crimson-Shell,6.92,8796,Shounen,"Action, Drama, Fantasy, Mystery, Romance, Supernatural"
12145,Lamento: Beyond the Void,7.28,1889,Shoujo,"Action, Fantasy, Mythology"
12263,Let\'s Kiss and Hold Hands,,74,,"Boys Love, Drama, Erotica"
12315,Graduation Eve,,109,,"Boys Love, Erotica"
12371,Taisougi,6.33,2096,,Avant Garde
12403,Utsukushiki Kussetsu,5.97,657,,"Boys Love, Erotica, Hentai"
12424,F.O.X II,,238,,Fantasy
12433,Yukkuri Koi wo Shiyou,,63,,"Boys Love, School"
12454,Golden Angel,6.89,568,Shoujo,School
12495,Bokutachi Otokonoko,6.76,834,Shoujo,"Boys Love, Slice of Life"
12537,Yoru wo Utau Kodomotachi,6.57,768,Josei,"Drama, Fantasy, Horror, Supernatural"
12555,Over The Rainbow,,112,Josei,Romance
12658,Petit Yuri Hime,6.74,1172,,"Comedy, Girls Love, Erotica"
12670,Zettai x Roman,,368,,"Comedy, Girls Love, Supernatural, School"
12740,Animal Play,6.18,563,,"Boys Love, Erotica"
12760,A Song to the Sun,7.57,8367,Josei,"Drama, Romance, Slice of Life"
12828,Unmei no Tori: Takahashi Rumiko Kessakushuu,6.74,1027,Seinen,Slice of Life
12841,Die or Like Me,6.84,803,,Romance
12881,Arty Square,,246,,"Slice of Life, Music"
12888,Happy Marriage?!,7.76,36974,Josei,"Romance, Adult Cast"
12891,Nightmare*Alice,,172,Josei,Action
12951,Shoutoku Taishi,,98,,Historical
12973,Blue Kerchief,,113,Josei,Drama
12978,Hatshepsut: The One and Only Female Pharaoh in an Ancient Egyptian Dynasty,5.92,1179,Shoujo,"Drama, Girls Love, Historical"
12983,Boku no Kichiku Megane,6.62,1594,,"Boys Love, Erotica, School"
12990,Trump!,7.11,1859,,"Action, Comedy, Strategy Game"
12991,Kawa yori mo Nagaku Yuruyaka ni,6.67,620,Shoujo,"Award Winning, Comedy, Slice of Life, School"
13013,Tennen Sozai de Ikou.,,107,Shoujo,"Romance, School"
13026,Inu wo Kau,7.27,2649,Seinen,"Drama, Slice of Life"
13029,Love Isn't Enough?,6.25,1506,Shoujo,
13040,Death Jam!,,48,,"Action, Adventure, Fantasy"
13058,Magic Lamp,,80,,Comedy
13101,Sex,6.71,1587,Seinen,"Action, Drama, School"
13157,The Case of Tanaka-kun,,65,,"Boys Love, School"
13167,Benkyou no Jikan,7.24,4358,Shoujo,Romance
13236,Before Dawn,,198,Shoujo,Drama
13286,Aneki... My Sweet Elder Sister,6.99,1405,,Hentai
13358,Gaku,7.54,2119,Seinen,"Award Winning, Drama"
13376,Onigashima,,154,,"Romance, Hentai"
13382,No Color,7.68,4861,,"Boys Love, Comedy, Romance"
13422,Eve no Onna-tachi,6.24,414,,"Girls Love, Erotica"
13428,Plastics,6.68,807,,"Boys Love, Erotica"
13544,The Disappearance of Nagato Yuki-chan,7.55,8987,Seinen,"Comedy, Romance, School"
13655,Crossroad: Our Promise,,142,Josei,"Drama, Romance"
13663,Peter and a Wolf,,52,,Boys Love
13676,The iDOLM@STER Break!,6.87,864,Shounen,"Comedy, Romance, Harem, Idols (Female)"
13690,Notpia,6.41,817,,"Boys Love, Drama, Horror, Erotica"
13695,Wild Arms XF,,173,Seinen,Action
13887,Halcyon Lunch,6.64,1702,Seinen,"Comedy, Sci-Fi, Supernatural"
13987,Sei Penalty Gakuen Goku,7.01,1062,,"Hentai, School"
13995,Tae Guk,,51,,Martial Arts
14018,Triage X,7.1,13378,Shounen,"Action, Ecchi, School"
14049,S・L・H,7.56,12024,Shoujo,"Comedy, Fantasy, Mystery, Romance, Supernatural, Reverse Harem, School"
14071,AM8:00 I Love You,6.33,967,Shoujo,Romance
14098,Unlucky Girl,,96,Shoujo,
14305,Love x Eros,7.08,1229,,"Boys Love, Erotica"
14356,Soshite Boku wa Tohou ni Kureru dj - Daisuki,,114,,"Boys Love, Erotica"
14371,ACME,6.47,752,,Hentai
14384,Private Lesson,,118,,"Boys Love, Music"
14434,Yachin Hanbun no Ibasho desu.,7.21,3900,,"Boys Love, Drama, Romance, Erotica"
14518,Heart Made Magic,,52,,"Adventure, Boys Love, Fantasy"
14572,Raika,,151,Shounen,Historical
14576,Shutter Chance,,94,,"Boys Love, Erotica"
14647,Hanasaki Kanon,7.34,974,Shoujo,Drama
14676,Ruby Blood,6.17,320,Shoujo,"Drama, Supernatural, Vampire"
14735,Chinese Paladin,,202,,"Drama, Fantasy, Romance, Historical, Martial Arts"
14791,Kyouko to Tousan,6.76,527,Seinen,"Comedy, Slice of Life"
14820,Matsumoto Izumi Digital Short Contents,,89,Shounen,"Romance, Slice of Life, Supernatural, Ecchi"
14836,J1,,60,Shoujo,Action
14932,Rose Garden,,155,Shoujo,Historical
15031,School,,84,Seinen,"Ecchi, Hentai, School"
15053,Kagijin,6.42,2167,Shounen,"Action, Adventure, Fantasy, Supernatural"
15058,Seirei Tsukai: Elementalors,,253,,"Award Winning, Fantasy"
15109,Majikaru Musou Tenshi Tsuki Irase!! Ryofuko-chan,,280,Shounen,"Comedy, Fantasy, Supernatural, Historical, Martial Arts, Parody"
15119,Organic Sons,,229,,"Boys Love, Comedy, Erotica"
15153,Red Snow,6.36,1078,Seinen,"Drama, Slice of Life, Historical"
15197,eco,6.04,292,,"Fantasy, Sci-Fi"
15242,Natsu no Zenjitsu,7.56,13808,Seinen,"Drama, Romance, Slice of Life"
15254,Odeko no Mahou,6.9,515,Shoujo,"Comedy, Fantasy, Romance, School"
15318,Door to Heaven,5.49,2322,,"Drama, Sci-Fi, Psychological"
15328,Kiken na Asobi,,152,,"Boys Love, Erotica"
15428,Rin,,184,Seinen,"Drama, Sports, Combat Sports"
15474,The World I Create,7.02,829,Shoujo,"Fantasy, School"
15485,Yukuyuku,,270,Josei,"Drama, Romance, Slice of Life"
15497,Tsukuyomi,,134,Shoujo,"Mystery, Supernatural"
15516,The Crater,6.9,2138,Shounen,"Horror, Mystery, Sci-Fi"
15551,Strange Traditional Academy,,91,Shoujo,"Comedy, Romance, Martial Arts"
15706,Dr. wa Amai Kiss wo Suru,6.88,482,Shoujo,Romance
15737,1/3 Romantica,6.82,4420,Shoujo,"Romance, Slice of Life"
15816,Appearance of the Yellow Dragon!,6.88,1330,Shounen,"Comedy, Fantasy, Romance"
15822,I Am a Turtle,,180,Seinen,"Comedy, Slice of Life"
15864,Sweetish Temptation,,198,,"Supernatural, Hentai"
15909,Itokanashi Kimi,,70,,"Boys Love, Hentai"
16010,K-Dash,6.84,1047,,"Comedy, Parody"
16037,Oujisama wa Yuuutsu,,218,,"Boys Love, Erotica"
16072,Bar Limelight,,152,Seinen,
16151,Hachi - Yakusoku no Inu,,548,,"Drama, Slice of Life"
16185,Osusume Boyfriend,6.61,342,Shoujo,School
16227,Super Dog Rilienthal,6.49,557,Shounen,"Comedy, Anthropomorphic"
16230,Izumi,,92,,"Boys Love, Erotica"
16243,Jeep and Wagon,6.43,335,Shounen,"Action, Comedy, Sci-Fi, Historical"
16252,Moujuu wa Ori no Naka,7.35,2419,Shoujo,"Action, Romance"
16310,Sengoku Danshi Hana no Ran,7.46,2454,Shoujo,"Romance, Historical"
16340,Shinkon Shimai,6.87,492,,"Comedy, Ecchi, Hentai, Harem"
16368,Watashi wo Ariake e Tsuretette!,6.9,1038,,Hentai
16377,Atashi Hitori de Daijoubu,6.05,520,Shoujo,"Comedy, Romance"
16449,Hi no Matoi,,643,Josei,Historical
16458,Meguriau yo Baby,7.19,1481,,"Boys Love, Drama, Romance, Erotica, School"
16498,Satou-kun to Tanaka-san: The Blood Highschool,6.7,1137,Josei,"Romance, Supernatural, School"
16532,Nurarihyon no Mago,7.34,3741,Shounen,"Action, Adventure, Historical"
16553,The Legend of Reiko,,67,Seinen,Comedy
16583,Kings of My Love,,490,Shoujo,Romance
16596,Boin Tantei vs. Kaitou Sanmensou,5.89,1015,Seinen,"Comedy, Mystery, Ecchi"
16629,NonNonBa,7.69,1979,,"Drama, Slice of Life, Supernatural, Memoir"
16707,Ouji to Yamori: Shitsuji Kakumei,,109,Shoujo,"Action, Adventure"
16798,The Scent of Crimson,,117,Josei,"Drama, Romance, Educational, Historical"
16812,Kono Koi wo Wasurenai.,7.29,1779,Shoujo,"Drama, Romance, School"
16866,Sparkle Sparkle 100%,6.87,642,Shoujo,Romance
16887,Family Play,7.0,851,,"Comedy, Hentai, Harem"
16900,Hana no Gakuran Darling,,306,,"Boys Love, Erotica, School"
16973,Kali Etta Warrior,,100,Shoujo,"Action, Romance, Historical"
17096,Leona Explosion,6.06,1811,Seinen,"Action, Comedy, Romance, Sports, Ecchi, Combat Sports"
17174,Goodbye My Life,6.99,1609,Shoujo,"Drama, Romance"
17175,Pillow Talk + Holiday,6.75,653,,"Boys Love, Erotica"
17191,Pokémon Gold & Silver,6.91,1055,Kids,"Adventure, Fantasy"
17226,City Hunter: The Secret Service,,484,Shounen,"Action, Comedy, Drama"
17262,Nambul: War Stories,,89,,"Drama, Historical, Military"
17273,Rean no Tsubasa,,187,Shounen,"Action, Sci-Fi, Mecha"
17296,Roses and Gun,,111,,"Boys Love, Erotica"
17297,Aisaretaino dj - Ai no Tame ni,6.76,632,,"Boys Love, Erotica"
17326,Mizuiro Splash,,468,Shounen,"Comedy, Romance, Slice of Life, Sports, Ecchi, Harem"
17353,A Girl on the Shore,7.19,91922,,"Drama, Erotica, Psychological, School"
17371,Jigoku Meguri,7.62,2487,,"Boys Love, Supernatural, Erotica"
17471,Butt Attack Punisher Girl Gotaman,,381,,"Action, Comedy, Ecchi, Parody, School"
17511,Lotus Eater,7.16,1667,,"Boys Love, Romance, Erotica"
17540,Flower of the dull color,6.82,1385,,"Boys Love, Erotica"
17543,Tsumanuda Fight Town,,387,Seinen,"Action, Comedy, Ecchi, Martial Arts"
17544,Maou-sama no Yuusha Toubatsuki,6.62,979,Shounen,
17589,Love is On Air!,,160,Shoujo,Comedy
17648,Young Master's Pleasure,6.68,1684,Shoujo,Romance
17689,Desire 2nd Season,,267,Seinen,"Ecchi, Harem, Psychological"
17710,Meshimase♥Karen-chan,,62,Shoujo,
17726,Oh RIKO tea,,152,Seinen,"Comedy, Slice of Life, Ecchi"
17782,Tokyo Michael,,108,,Fantasy
17792,8.1: Yamada Yuusuke Gekijou,5.87,2465,Shounen,"Horror, Supernatural, Suspense, High Stakes Game"
17963,Kimi no Sei,6.95,10894,Shoujo,"Drama, Romance"
17990,Pretty Cool,6.86,807,,"Supernatural, Hentai, School"
18101,Watashi no Suki na Souma-Kun,6.95,2241,Shoujo,Romance
18102,Boinzuma,6.52,533,,Hentai
18196,Garden,6.49,2824,,"Avant Garde, Fantasy, Horror"
18251,The Legend of the Sun Knight,8.05,3502,,"Fantasy, Supernatural"
18269,Duel Masters,6.31,470,Kids,"Comedy, Fantasy, Supernatural, School"
18319,Honey Prince,6.96,1694,Shoujo,"Romance, School"
18451,Rokubyou no Kugatsu,,39,Shoujo,"Drama, Romance"
18519,Academia no Boukensha,,106,,"Adventure, Drama, Fantasy, Sci-Fi, Space"
18559,Akogaretai Yume,,64,Shoujo,Romance
18670,Kanpachi,,450,Shounen,"Comedy, Parody, Visual Arts"
18700,Junpaku no Toiki,,210,,"Girls Love, Romance, Erotica"
18726,Yashio to Mikumo,7.18,1520,Shoujo,"Romance, Supernatural"
18746,2-shuukan no Aventure,6.44,1312,,"Adventure, Drama, Girls Love, Erotica"
18815,Ookamikakushi: Kokihi no Shou,,509,,"Action, Mystery, Supernatural"
18856,Love Pheromone No.5,6.59,482,,"Comedy, Girls Love, School"
18874,Clean a Wound,,243,,"Boys Love, Drama"
18883,Digimon Chronicle,5.89,1138,Shounen,"Action, Adventure, Comedy"
19028,Fushigi Mahou Fun Fun Pharmacy,,109,Shoujo,
19082,Appleseed Databook,7.0,653,,"Action, Sci-Fi, Mecha"
19200,Ookami-heika no Hanayome,7.75,10419,Shoujo,"Romance, Historical"
19218,Rui-Rui,6.53,716,Shounen,"Comedy, Girls Love, Mystery, Ecchi, School"
19263,Sagashimono,7.35,2068,,"Drama, Romance, School"
19310,Stainless Steel Armadillo,,46,,Fantasy
19379,Shokugyo Koroshiya.,,157,Seinen,"Action, Comedy, Suspense, Ecchi"
19428,Shinobi Yoru Koi wa Kusemono,7.22,2978,Shoujo,"Comedy, Romance"
19453,Captain Kid,,261,Shounen,"Action, Adventure, Comedy, Drama, Fantasy, Romance, Supernatural, Super Power"
19526,Today's Coffee,,49,Shoujo,Comedy
19551,K-On! Anthology Comic,7.4,3494,,"Comedy, Slice of Life, CGDCT, Music, School"
19570,Classmates: Sora and Hara,7.39,9801,,"Boys Love, Drama, School"
19578,Usahiyo,,43,Shoujo,Comedy
19580,Yotteke! Otoko Mura,6.89,1223,Shoujo,"Comedy, Drama, Romance, Slice of Life, School"
19614,Fu.shi.gi no Rin,,67,Shoujo,Super Power
19648,Heaven? Gokuraku Restaurant,,217,Seinen,"Comedy, Slice of Life"
19681,Shook Up!,,370,Shounen,"Action, Comedy, Drama, Mystery, Sci-Fi, Ecchi"
19687,Arakure Knight,,277,Seinen,"Comedy, Delinquents, School"
19704,Captain Tsubasa: Endless Dream,6.45,376,Shounen,"Sports, Team Sports"
19760,Toshi-kun to Oneechan,,111,,Hentai
19835,Seitokai,,41,Shoujo,"Romance, School"
19843,God Save the Sugekoma-kun!,,127,Seinen,"Comedy, Parody, School"
19849,Love and Glasses,,121,,"Boys Love, Erotica"
19891,Omiseban Orusuban,,143,,"Boys Love, Erotica"
19975,Kill Wizard,,291,Shounen,Fantasy
19991,Mr. Secret Floor - Shousetsuka no Tawamure na Hibiki,7.01,472,,"Boys Love, Erotica"
20042,Clover no Kuni no Alice: Shirousagi to Tokeijikake no Wana,7.02,1053,Shoujo,"Fantasy, Romance"
20051,15: Meisetsu Kougyou Koukou Rugby-bu,7.02,983,Shounen,"Sports, Team Sports"
20063,Le Théâtre de B,7.08,3141,,"Drama, Fantasy, Supernatural"
20096,Utsubora: The Story of a Novelist,7.32,10306,,"Drama, Mystery"
20110,Hyouryuu Kansen 000,,91,,"Adventure, Sci-Fi"
20152,Togari Shiro,6.81,1370,Seinen,"Action, Drama, Supernatural, Mythology"
20188,Sazanami Cherry,6.78,3638,,"Boys Love, Romance, Slice of Life, Crossdressing, School"
20217,Sanctuary: The Bakurou Ishin,,164,Seinen,"Historical, Samurai"
20250,Garland,,67,,"Action, Mystery, Ecchi"
20268,The Case Files of the Gourmand Detective,,438,Seinen,"Gourmet, Mystery, Detective"
20294,Majo to Boku,6.07,1700,Shoujo,"Romance, Slice of Life"
20298,Mirror Does Not Lie,,218,Shoujo,"Fantasy, Romance, Supernatural"
20307,Hamasaki Ayumi Miracle Passion,,76,Shoujo,
20315,Piece,7.67,5392,Shoujo,"Award Winning, Drama, Mystery, Romance, School"
20334,Shounen Shikku,,270,Shounen,"Comedy, Sports"
20346,Joshikousei Kagishi Saki,6.32,652,Seinen,Ecchi
20395,Gin no Jeek,,91,Shoujo,"Boys Love, Comedy, Drama, Fantasy, Supernatural, Mythology, Super Power"
20414,Yamigarishi: Kimaira Tenryuuhen,,99,Seinen,"Action, Supernatural"
20428,Angel Onayami Soudanjo,6.48,1419,,"Comedy, Fantasy"
20429,Gekogeko,6.78,922,Seinen,Comedy
20437,Little Busters! EX: The 4-koma,7.29,781,,"Comedy, Slice of Life"
20477,Kidou Senshi Gundam 00 Second Season,,304,,"Action, Sci-Fi, Mecha, Military, Space"
20498,Yomoyama Byouin e Douzo,,53,,"Ecchi, Hentai"
20521,Magical Girl Pretty☆Bell,6.73,649,Shounen,"Action, Comedy, Drama, Fantasy, Ecchi"
20564,Nightmare Syndrome,6.32,784,,"Action, Girls Love, Supernatural, Erotica"
20633,Eve no Nemuri,6.84,428,Josei,"Action, Drama, Sci-Fi, Supernatural"
20642,Busu to Himegimi,,123,Shoujo,"Drama, Romance, Slice of Life, School"
20692,Tentacle Lovers,6.8,409,,"Comedy, Fantasy, Supernatural, Hentai, School"
20773,Koi no Yami,6.7,384,,"Boys Love, Erotica, Historical"
20787,Captain Tsubasa: Kaigai Gekitou-hen - En La Liga,7.15,1296,Seinen,"Sports, Team Sports"
20812,Metal Guardian Faust,,193,Kids,"Action, Comedy, Sci-Fi"
20816,Hito wa Sore wo Koi to Yobu,6.79,1393,,"Boys Love, School"
20828,Heart ni Hi wo Tsukero,,30,Shoujo,
20847,Milk and Water,,36,Seinen,"Drama, Slice of Life"
20917,Fuyuame Nankin,,185,,Hentai
20923,1-nen 5-kumi Ikimonogakari,6.57,1857,Shoujo,"Romance, Supernatural, School, Super Power, Vampire"
20959,El Alamein no Shinden,6.52,740,Seinen,"Historical, Military"
20963,Planetarian: Chiisana Hoshi no Yume,7.77,1731,,"Drama, Sci-Fi"
20967,Kono Te de Yokereba,6.65,873,,"Boys Love, Erotica"
20975,THE iDOLM@STER -Your Mess@ge-,,257,,Music
20976,Akai Me wo Shita Shounen wa,6.83,586,,"Boys Love, Erotica"
21012,Purupuru Monzetsu License,6.62,331,,Hentai
21042,Tokkou no Shima,,561,Seinen,"Historical, Military"
21051,Tenpai,,269,,Strategy Game
21054,Touhou Ibara Kasen: Wild and Horned Hermit.,8.11,9316,,"Fantasy, Slice of Life"
21056,Chikutaku Bonbon,7.17,890,Josei,"Comedy, Romance"
21099,Moon Child: Type-Moon Sakuhinshuu,,144,,Fantasy
21154,Água de Beber,,152,,"Comedy, Hentai"
21208,Ecchi Shoujo Pantsu,,245,,Hentai
21244,Flower Garden of Temptation,,279,,"Hentai, Harem"
21247,Are Feti,,198,,Hentai
21257,Dream Knocker: Choco no Kimyou na Bunkasai,,62,,"Mystery, School"
21266,Dark Seed,6.55,413,Josei,Fantasy
21317,Monster and Child,7.09,1677,,"Drama, Supernatural, Vampire"
21409,Gyanburu Taiheiki,,33,Seinen,Comedy
21440,Starry☆Sky: In Autumn - 4-koma Anthology,,263,,"Comedy, Romance, Reverse Harem, School"
21445,Shiawase no Yokan,,130,,"Boys Love, Erotica"
21472,Kodomo no Niwa,,236,Shoujo,"Romance, Slice of Life"
21481,Double Hard,,158,Shounen,"Action, Comedy, Martial Arts"
21520,Starry☆Sky: In Summer - Anthology,,254,,"Romance, Reverse Harem, School"
21546,Graduation,,198,,"Hentai, School"
21558,Stanle,,197,,"Action, Sci-Fi"
21619,Ohanyuu,,109,Seinen,
21639,Houkago Drop,6.24,919,,"Girls Love, Ecchi, Erotica"
21673,Tora wa Amaku Kiba de Kamu,,156,Shoujo,Romance
21675,Kareshi 1-gou,,79,Shoujo,Romance
21688,Nawashi,,265,,"Supernatural, Hentai, School"
21728,Tenshi wo Otodoke,,107,,Hentai
21743,Sen: Jouya no Chigiri,,268,,"Boys Love, Supernatural, Historical, Samurai"
21912,Kidou Senshi Gundam 00: Crossword Puzzle Comic Characters Kuro!,,148,,Sci-Fi
21955,Enn,,205,,Hentai
21998,Beast Wars Neo: Super Lifeform Transformers,,179,Kids,"Action, Adventure, Sci-Fi, Mecha"
22053,Seiyuu Geikijou Papaion! Mizuhara-san,,37,,
22055,Real Rode,,178,Shoujo,"Adventure, Fantasy, Romance, Harem, Video Game"
22084,Pure Girl,6.98,1099,,Hentai
22103,Hanazakari no Kimitachi e: After School,7.86,4097,Shoujo,"Romance, Crossdressing, School"
22107,My Obstinate Fellow,,239,,"Boys Love, Erotica"
22131,Nurarihyon no Mago,7.33,835,Shounen,"Action, Horror, Supernatural, Mythology"
22133,Urakata!,,53,,Erotica
22142,I am Gegege - The mysterious story of Mizuki Shigeru,,108,,
22164,Kachou Reijou,,57,Shounen,"Ecchi, School"
22183,Engawa Gohan,,89,Josei,
22191,Dantalian no Shoka,7.29,4325,Shounen,"Action, Fantasy, Horror, Mystery, Supernatural, Historical"
22209,Goblin Koushaku,,469,Shounen,"Action, Sci-Fi"
22242,Tsuratsurawaraji,,184,Seinen,Historical
22266,Prime Rose,,661,Shounen,Sci-Fi
22288,A Tank of Tears,,119,,"Drama, Slice of Life"
22421,Pokémon Colosseum: Snatcher Leo,6.28,689,Kids,"Action, Adventure, Fantasy"
22424,Nangoku Chu Bakka!,,113,Seinen,"Comedy, Ecchi"
22462,Pattsun x 2,,260,,"Comedy, Romance, Hentai"
22472,Muriyari Tanetsukeru Hanashi,,190,,"Comedy, Hentai"
22516,Liechtenstein Hakase no Karei Naru Nichijou,,95,,"Boys Love, Comedy, Erotica"
22559,Rockman 8,,162,Kids,"Action, Adventure"
22569,Pokémon Adventures Ruby and Sapphire,7.32,917,Shounen,"Adventure, Comedy"
22679,Sense and Sensibility,6.54,1808,Shoujo,
22685,Kamigariki,,120,,"Ecchi, Historical"
22690,Ima Doki,,174,Seinen,Comedy
22693,Mao Marimo,6.39,1304,Seinen,"Drama, Romance, Supernatural, Magical Sex Shift, School"
22710,Pantser Princess,6.24,802,Seinen,"Adventure, Comedy, Fantasy, Ecchi"
22734,Ryuusei no Rockman,,309,Kids,"Action, Sci-Fi"
22775,Chou Kowai Gakkou no Kaidan,,88,Shoujo,"Horror, School"
22828,Incest,6.64,360,,Hentai
22870,Six Half,7.44,5375,Shoujo,"Drama, Romance, School"
22873,Himemiya-san no Naka no Hito,,108,,"Romance, Sci-Fi, Ecchi, School"
22905,Butterfly in the Air,,225,Shoujo,"Drama, Romance"
22943,Majokko Tsukune-chan,,220,Seinen,"Comedy, Gag Humor"
22983,Unbeatable Youth,,189,Shoujo,"Comedy, Romance, Supernatural, School"
22991,The Resonance of Love,,395,Shoujo,"Romance, School"
23013,B.Q The Mouse Book,,192,,"Action, Avant Garde"
23036,Ilegenes: Giyoku no Koukyoukyoku,7.27,2301,Shoujo,"Sci-Fi, Military"
23037,Kinmokusei no Hana-tachi,6.1,267,,"Girls Love, Romance, School"
23073,Ijiwaru,6.71,1175,,"Boys Love, Erotica"
23164,f-mode,6.23,264,,Hentai
23190,Koushoku Seifuku Zukan,,59,,Hentai
23191,Kanaerareta Negai,,278,Shoujo,Horror
23192,Mayo Chiki!,7.8,8001,,"Comedy, Romance, Crossdressing, School"
23223,Mahou Shoujo Lyrical Nanoha,,725,,"Action, Fantasy, Mahou Shoujo, Super Power"
23246,Futari-Daka,,233,Shounen,"Award Winning, Sports, Racing"
23278,Mizushiro Setona The Best Selection,,138,Shoujo,"Drama, Romance"
23333,Darkstalkers/Red Earth: Maleficarum,6.55,578,,"Action, Comedy, Fantasy, Supernatural, Ecchi, Vampire"
23360,Arcana - Wafuu / Samurai,,331,Shoujo,Samurai
23384,Tokyo Rock Shounen,7.45,2256,Shoujo,"Comedy, Romance, Showbiz"
23397,Reverend D,,348,Shounen,"Action, Fantasy, Horror, Supernatural"
23422,Rokudenashi Vacance,,81,Josei,Romance
23501,Shirai Yumiko Shoki Tanpenshuu,,40,,
23634,Haha no Naku Ie,6.42,1030,,Hentai
23717,Is this Girl for Real!?,6.55,15220,Seinen,"Comedy, Romance, Ecchi, School"
23721,Manatsu no Ningyo-hime,,167,Shoujo,"Drama, Romance"
23753,Something About Emmaline,7.02,345,Josei,"Mystery, Romance, Historical"
23778,Kasutoro Shiki,6.67,4171,,Horror
23807,Junai Tokkou Taichou! Maji,6.98,1160,Shoujo,"Comedy, Romance, School"
23835,M no Retsujou,7.02,1008,,"Boys Love, Romance, Erotica"
23851,Femme Fatale: Unmei no Onna,6.32,1563,Seinen,"Drama, Romance, School"
23859,Fuwa♡Kyun,,235,,"Comedy, Romance, Crossdressing"
23972,MonHun Manga: Pokapoka Airuu-mura Shucchouban - Present Daisakusen nano Nya!,,306,Shounen,Comedy
24015,I-Ren,7.11,1521,Shoujo,"Comedy, Fantasy, Romance, Crossdressing"
24022,Olympus no Pollon,,262,Shoujo,"Comedy, Supernatural"
24061,Fierce Fighting! EXE Siblings Mega Man!,,122,Kids,Comedy
24072,Karuizawa Syndrome Sprout,,87,Seinen,Racing
24074,Samurai Spirits,,208,,"Action, Adventure, Supernatural, Historical, Martial Arts"
24075,Samurai Shodown,,210,Shounen,"Action, Historical, Martial Arts, Samurai"
24087,Mahochuu!,7.2,664,Shoujo,"Fantasy, Supernatural, School"
24099,Shinigami Doggy,6.99,1343,Shoujo,"Action, Comedy, Supernatural"
24117,Jihad,,49,Shoujo,Action
24133,Ryuuhou,,33,Josei,"Drama, Historical"
24134,Marine Blue Marine,,46,Shoujo,Historical
24165,Kiryuu Inka Maid no Romance,,44,Shoujo,Romance
24225,Gekijouban Pocket Monster AG: Rekkuu no Houmonsha Deoxys,6.59,541,Kids,"Action, Adventure, Fantasy"
24352,Seiken Densetsu: Princess of Mana,,178,Shounen,
24372,Lady Coroner,,58,,"Drama, Medical"
24438,Otoko no Ko wa Maid Fuku ga Osuki!?,6.73,2879,,"Slice of Life, Crossdressing"
24457,Puella Magi Madoka★Magica,8.08,43490,,"Drama, Fantasy, Horror, Mahou Shoujo, School"
24464,Kyoukaisenjou no Horizon,8.0,6914,,"Action, Comedy, Fantasy, Sci-Fi, School"
24483,Arcana - Renai / Gyakuharem,,236,Josei,"Romance, Harem"
24543,The Island Closest to Heaven,,101,Shoujo,
24649,Hear the Wind Sing,6.64,440,Josei,Romance
24679,Mobile Suit Gundam Wing: Glory of the Losers,7.44,1138,Shounen,"Action, Drama, Sci-Fi, Mecha, Military, Space"
24757,Happy Mari-Chan,,136,Shoujo,Performing Arts
24768,M-shiki Princess,,324,Josei,
24784,Keiren Reijou,,151,,Hentai
24846,Tokiya,,205,Shounen,"Action, Adventure, Fantasy"
25023,Fushigi Yuugi: Genbu Kaiden Kizuna - Haruka Naru Kaze no Kora,,664,Shoujo,"Adventure, Fantasy, Romance, Historical"
25036,99: Ninetynine,,170,Seinen,"Comedy, Drama, Romance, Ecchi"
25042,Glamorous,5.78,1970,Seinen,"Romance, Ecchi, School"
25089,The Cinderella Inheritance,6.47,388,Josei,Romance
25216,An Angel's Agent,,139,,"Boys Love, Romance, Erotica"
25221,Sakura Ricetto,,53,Seinen,
25224,Tetsu no Senritsu,6.39,1336,Seinen,"Action, Supernatural, Psychological"
25272,Orera Kourin!,6.77,382,Shoujo,Romance
25288,Agrippa,,348,Shounen,"Action, Adventure, Historical"
25296,Samishi Zashiki Sora no Nagusami,,93,,"Boys Love, Erotica"
25306,Half and Half,6.8,3157,Shoujo,Romance
25322,"Nineteen, Twenty-One",7.73,23254,,"Romance, Slice of Life"
25406,Rapiere,6.28,391,,"Hentai, Historical"
25429,Rape Chain,,235,,Hentai
25431,As a Teacher,6.3,307,,"Hentai, School"
25577,Joou no Hyakunen Misshitsu,,258,Seinen,"Drama, Sci-Fi"
25619,Women of Yearning,,112,,Hentai
25627,Hokenshitsu no Target,7.3,1401,,"Boys Love, Erotica"
25761,Beautiful World,6.31,295,,Hentai
25762,Hikoukigumo,6.87,625,Shoujo,"Drama, Romance"
25838,Eleonora no Hohoemi,,74,Shoujo,"Romance, Historical"
25839,Touhikou Days,,162,Shoujo,"Drama, Romance, School"
25940,Samurai Vampire,,161,,"Comedy, Supernatural, Historical, Samurai, Vampire"
25941,Arashi no Hana Murakumo no Uta,,398,Seinen,"Action, Drama, Fantasy, Mystery, Romance, Supernatural"
25942,Limbo on the border line,7.08,1806,,"Comedy, Fantasy"
25977,Bloody Maiden: Toomarimiki no Shima,5.62,2617,Shounen,"Drama, Horror, Mystery, Ecchi"
26048,Go Da Gun,,392,Shounen,"Action, Comedy, Romance, School"
26091,Dr. Shiina's Wildlife Encyclopedia,,423,Josei,
26093,Iinchou no Yu-da-n♥,6.44,383,,"Hentai, School"
26103,Shoujo Kakumei Utena,7.25,866,,"Mystery, Romance, Supernatural, Mahou Shoujo, School"
26106,Suits no Kuni no Mahoutsukai,6.98,1669,Shoujo,"Drama, Romance"
26226,Nakute Nanakuse!,,178,,Hentai
26375,Mirai Kontengi,,49,Shoujo,"Fantasy, Romance"
26385,Kimi no Kaori,6.64,1796,,"Girls Love, Ecchi"
26490,(Shiteki) Tantei Monogatari,,139,Josei,"Romance, Historical"
26516,Love Store Plus,,115,,Hentai
26694,Azatsukai,,112,Josei,Supernatural
26775,Love Hunter Ren,,53,Shoujo,
26799,Mou Daremo Aisenai: Remix,,106,,Hentai
26879,Iinchou no Koibito,6.8,418,,"Romance, Hentai, School"
26919,"Girls Love: Houkago, Ecchi na Yoshuu Fukushuu.",6.81,1057,,"Comedy, Girls Love, Romance, Erotica"
26927,Reversible,,153,,"Boys Love, Erotica"
27027,Mokuyoubi no Koibito,,94,,"Boys Love, Erotica"
27117,Soredemo Kimi wa Warau Toitta,,115,,"Boys Love, Erotica"
27255,Futabo,7.15,957,,Hentai
27337,"No Bra, No Panties, No Future",5.9,535,Seinen,"Comedy, Ecchi, School"
27341,Ken yori Tsuyoshi,6.61,276,,Hentai
27361,xxxHOLiC・Shi,7.37,1764,,
27527,Shounen Dolce,,189,,"Boys Love, Erotica, Hentai"
27597,Boku no Adult Venus,6.68,291,,Erotica
27689,GSG! - Oekaki Soft ni Moechaimashita,,103,,"Comedy, Slice of Life"
28021,Anima ni Aru,,126,Shoujo,
28119,Rewrite: Side-R,7.24,900,,"Drama, Romance, School"
28125,Maoyuu Maou Yuusha,7.84,7864,,"Action, Adventure, Fantasy, Romance, Mythology"
28222,2-dome no Koi wa Usotsuki,6.86,1637,Josei,Romance
28335,Kamisama ga Yadoru Kotoba,7.24,3243,,Boys Love
28347,Sherlock Holmes,,149,Shounen,
28355,Kaitou Royale: Rozalta no Hihou wo Oe!!,,108,Seinen,Action
28399,Otona no 1 Page Shinrigaku,,68,Seinen,Comedy
28573,Aoi Haru,,113,Shoujo,Ecchi
28665,Nature Jimon,,45,Seinen,Memoir
28711,Metro Ecstasy,,187,,Hentai
28775,Jacket Nuidara Saigo made,6.78,733,Josei,Romance
28973,A Certain Scientific Railgun SS2,7.61,2094,Shounen,"Action, Comedy, Sci-Fi"
28981,I Love!,6.81,429,,"Romance, Hentai"
29083,Freeman Hero,,134,Shounen,"Action, Adventure, Comedy, Fantasy, Romance, Mythology"
29115,Mada Amanogawa ni Ikenai,7.08,1551,Shoujo,"Romance, School"
29199,Nikutaikan-K,5.87,210,Shounen,"Comedy, Ecchi"
29281,Ore Sen Kanojo,6.74,321,,Hentai
29399,Keikoku - Akuma no Fukkatsu,,47,Shoujo,"Comedy, Drama, Horror"
29507,Koiito Island e Youkoso♥,6.52,770,,Hentai
29531,Inu to no Hibi,6.79,1096,,"Boys Love, Erotica"
29533,Sekurosu,,172,,Hentai
29559,Juicy Canvas,,229,,Hentai
29577,Kinjirareta Asobi,,195,,Hentai
29617,Little Wansa,,525,,"Comedy, Drama, Fantasy, Slice of Life"
29677,The Strings Dolls,6.72,1673,,"Mystery, Supernatural, School"
29709,Bara no Souretsu,,92,Shoujo,"Mystery, Romance, Supernatural"
29827,For Whom the Steel Tolls,6.62,438,Seinen,Fantasy
29873,Supipara: Otome no Houkago Kansoku,,276,,"Comedy, Ecchi"
29931,Uwa-Koi,5.75,15200,Seinen,"Drama, Romance, Ecchi, Harem, School"
29943,Fukuro no Nakami,,217,,Hentai
29973,Saki-biyori,7.12,1132,Seinen,"Comedy, Slice of Life, School"
30035,Show Love,6.76,458,,Hentai
30103,Puratonikku Shoujo,,66,,Hentai
30211,Futari dake no Sotsugyoushiki,,154,,Hentai
30245,Sai-Ren,,119,,Hentai
30313,Seishun Limited,6.46,674,Shoujo,"Romance, School"
30319,Kyousei Kagai Shidou,6.08,280,,Hentai
30339,Kairaku Euphoria,,290,,Hentai
30519,Juuroku sai no akumu,,64,Shoujo,"Horror, Suspense"
30545,Endou-kun no Kansatsu Nikki,7.51,10398,,Boys Love
30575,Tiger Mask,6.96,1391,Shounen,"Action, Sports"
30687,Mahou Shoujo? Sai-chan-sama,,110,,Hentai
30707,Repaint,,123,,Hentai
30859,High School DxD,7.55,28057,Shounen,"Comedy, Fantasy, Romance, Ecchi, Harem, School"
30919,Kazagake Shoujogumi!,,93,Shounen,Racing
30935,Mars,6.76,1119,Shounen,"Action, Sci-Fi, Mecha"
30977,Love in Hell,6.99,16997,,"Comedy, Romance, Supernatural, Ecchi"
30987,Haikyuu!!,7.43,12090,Shounen,"Sports, School, Team Sports"
31109,Yume Miru Ojousama to Bokura no Aijou,,97,,Hentai
31165,Shieno Final,,57,Shoujo,"Horror, Supernatural"
31217,Because It Is There!!!,,153,Shounen,"Comedy, Ecchi"
31223,Close Up,,175,,"Adventure, Comedy, Romance, Slice of Life"
31301,Kuro Tenkousei,6.78,1387,Shoujo,"Drama, Mystery, Supernatural, Psychological"
31313,Fizon Core,6.45,671,Shoujo,"Action, Supernatural"
31315,Summer Switch,6.84,1141,,Boys Love
31377,Young Miss Holmes,6.94,464,Seinen,"Mystery, Historical"
31613,Orlelian no Kishi Hime,6.25,1481,Shoujo,"Comedy, Fantasy, Romance"
31785,Kyoudai Ijou Koibito Miman,,184,,Hentai
31831,Puri Puri Mermaid,,68,,Hentai
31933,Ekubo!,,44,Seinen,
31979,Shin Kobo-chan,,80,Seinen,"Comedy, Slice of Life"
31981,Wiseman,,187,Seinen,"Action, Horror, Sci-Fi, Supernatural"
32155,Land Escape,6.46,210,Shoujo,"Romance, Slice of Life"
32177,Cat of Albarose: Night Walker,,621,Shoujo,"Action, Horror"
32225,Nyanko Kareshi,,110,,"Boys Love, Erotica"
32277,Yawaraka na Yuuutsu,,330,,"Boys Love, Erotica"
32575,Kasumi no Mori,,248,,Hentai
32581,Futsuu ja Dame nano...,,87,,Hentai
32601,Little Love Heart,,163,,Hentai
32747,Strange Sex In Parallel Worlds,6.61,306,,Hentai
32873,Kachuu no Ou,6.0,593,Shoujo,Drama
32901,Miagete Goran,,120,Shounen,Sports
32983,Futekinai Ongaku,,79,,"Boys Love, Romance, Erotica"
32991,The Book: JoJo's Bizarre Adventure 4th Another Day,7.57,4187,Shounen,"Action, Comedy, Mystery, Supernatural"
33183,Minami's Lover,6.86,640,,"Fantasy, Romance"
33289,GM Rimix,6.64,363,,Hentai
33327,Tokyo Ghoul,8.55,555310,Seinen,"Action, Fantasy, Horror, Gore, Psychological, Urban Fantasy"
33337,Uchuu Senkan Yamato,,134,,"Action, Adventure, Sci-Fi, Mecha, Military"
33645,E.re.ga,,40,Shoujo,
33857,Tenjou no Ai Chijou no Koi,,108,Shoujo,"Boys Love, Historical"
33985,Shinkota,,181,,"Boys Love, Erotica"
34041,Sweet Pool Comic Anthology,,173,,"Boys Love, Erotica"
34397,Saint Bloom Gakuen: 12 Tsuki no Hanakishi,,91,Shoujo,"Fantasy, Romance, School"
34627,Yumekuri,6.88,3604,Seinen,"Supernatural, Ecchi"
34695,Ai Yuugi,,247,Shoujo,"Drama, Romance, Harem"
34749,Double Marriage,,338,Seinen,Romance
34791,Himeyaka na Tousaku,6.33,2805,Shoujo,"Comedy, Romance"
34821,Yonaka ni Daidokoro de,,62,,"Boys Love, Erotica"
35001,Danshaku no Aijin,6.72,486,,"Boys Love, Erotica"
35031,7th Dragon the Comic,6.46,558,Shounen,"Action, Adventure, Fantasy"
35155,Toaru Hikuushi e no Koiuta,,778,,"Adventure, Drama, Romance, Military"
35209,Mikity Blood 0,,235,Shounen,"Adventure, Horror, Supernatural, High Stakes Game, Strategy Game"
35261,Tail Star,7.19,3262,Seinen,"Action, Adventure, Comedy, Fantasy, Romance, Supernatural, Martial Arts"
35315,Accel World/Dural: Magisa Garden,7.19,2753,,"Action, Sci-Fi, School"
35321,Kidou Senshi Gundam AGE: Second Evolution,,273,Shounen,"Action, Drama, Sci-Fi, Mecha"
35373,TiG-HuG Planet,7.31,5958,Shoujo,"Comedy, Romance, School"
35477,Tomoshibi,6.47,563,Seinen,Slice of Life
35637,Flowernoid no Shuufukushi,7.21,992,Shounen,
35755,Chitose Get You!!,6.58,847,,"Comedy, Romance, Slice of Life, School"
35815,Piyocolate,,34,Shoujo,
36069,Kono Koi ni Namidasuru!,,206,Shoujo,"Romance, School"
36107,Mayokohama Ramen Sanshimai,,72,Shounen,Comedy
36187,Himitsu Nandakedo,,142,,"Boys Love, Comedy, Romance, Erotica"
36507,The Fox's Kiss,7.38,5212,Shoujo,"Fantasy, Romance, Mythology, School"
36535,Attack on Titan: Junior High,7.06,10002,Shounen,"Comedy, Parody, School"
36591,Legend of Regios,,372,,Sci-Fi
36645,Naipes,,81,,"Action, Supernatural, Strategy Game"
36715,Manyuu,,328,,Hentai
36717,Joujuu Senjin!! Mushibugyou,7.44,6087,Shounen,"Action, Fantasy, Historical, Samurai"
36723,The Devil Is a Part-Timer!,7.74,39311,,"Comedy, Supernatural"
36771,Tomodachi Ijou,6.56,753,Shoujo,Slice of Life
37065,It is a Dynamite with You!!,,204,,"Boys Love, Erotica"
37107,Do Da Dancin'!,,341,Josei,"Drama, Romance, Performing Arts"
37413,Hata Kenjiro Shoki Sakuhinshuu: Hayate no Gotoku! no Mae,6.64,594,Shounen,"Action, Comedy, Supernatural"
37431,Devil's Cinderella,,205,Shoujo,Romance
37561,Devilman Grimoire,6.62,3890,Seinen,"Action, Drama, Horror, Supernatural, Mythology"
37577,Kakushidere: Hidden Love,6.86,1061,,Hentai
38217,Loli to Boin,,171,,Hentai
38253,Misao My Love,,285,,Hentai
38417,Inraku Yuugi,,75,,Hentai
38453,Hiza no Ue no Tanashi-san,6.86,429,,Hentai
38523,Kanojo no Bitai,6.61,373,,Hentai
38541,Yume-iro Hanjuku Tamago,,374,,Hentai
38573,Junai Sadistic,6.43,433,,Hentai
38691,Oyome-sama Honey Days♥,,395,,Hentai
38837,Wagamama na Tarechichi,6.9,1266,,Hentai
38873,Meikyuu Gakuen,,104,,"Hentai, School"
39071,Platonic Form,,51,Seinen,Slice of Life
39231,Wizardry Zeo,6.77,1415,Shounen,"Action, Adventure, Fantasy"
39427,Damned,6.11,745,Seinen,"Action, Sci-Fi"
39473,Boku to Kanojo no Shujuu Kankei,6.74,529,,Hentai
39571,2x1,,221,,Hentai
39669,Touhai: Hitobashira-hen,,363,Seinen,Strategy Game
39719,Dear Tear,7.01,1225,Josei,"Drama, Romance, School"
39751,Mahou Tsukai Nara Miso wo Kue!,,324,Shounen,Fantasy
39885,Ibitsuna,6.77,803,,Hentai
40061,Don't Believe Her,6.83,449,,"Comedy, Romance, School"
40937,"Oh, My Romantic Kumiho",6.94,663,Shoujo,"Fantasy, Romance, Supernatural"
40989,Oz to Mahoutsukaitachi,,86,Shoujo,"Boys Love, Fantasy, Romance, Supernatural"
41113,Urahara,,55,,"Boys Love, Erotica"
41121,Smile Precure!: Precure Collection,,465,,"Fantasy, Mahou Shoujo"
41127,Kage ni Saku Hana,7.07,1331,Shoujo,"Adventure, Comedy, Romance, Supernatural, Historical"
41167,Sweet Mission,,374,,Boys Love
41365,Lawman,,96,Seinen,"Action, Adventure, Comedy"
41403,I'll Call You Mine,,154,,"Boys Love, Erotica"
41489,Shishunki na Adam: Evil Eyes,6.5,7635,Seinen,"Action, Comedy, Romance, Supernatural, Ecchi, Harem, School"
41629,Hyouka,8.05,21459,Shounen,"Drama, Mystery, Slice of Life, School"
41749,Best Couple,6.07,609,Shoujo,Romance
41767,Ritou no Umi,6.77,1682,,"Adventure, Comedy, Slice of Life"
41905,Oujo-sama to Bodyguard,6.53,328,Josei,Romance
42001,Song of the Long March,8.44,32504,,"Action, Adventure, Drama, Historical"
42167,Namida Hanamizu Gushogusho Danshi,6.93,2333,,"Boys Love, Erotica"
42337,Happiness for You.,6.96,10242,Shoujo,"Comedy, Romance, Slice of Life, School"
42353,Fortune Quest,,152,,"Action, Adventure, Fantasy"
42687,Irokoi Sata,,63,,"Boys Love, Erotica"
42777,Tama ni Onegai!,6.22,438,,"Boys Love, Comedy"
42781,Do S na Oniichan to no Atarashii Koi no Hajimekata Oshiete Kudasai!,6.26,1727,Shoujo,"Comedy, Romance"
42785,Kuro no Shishi,6.55,844,Shounen,"Adventure, Historical"
42817,Diamond Step,,94,Shoujo,"Romance, Sports"
42839,Midara na Shisen,6.48,401,,Hentai
43059,Kimi no Ie Made,,138,,Hentai
43189,Hatsukoi Motion,6.94,525,,Hentai
43225,Nemuri Hime,,210,,Hentai
43273,My Mikage-san,7.11,906,,Hentai
43317,Aventure 21,,618,,"Adventure, Sci-Fi"
43663,B-Curse,6.41,255,Shoujo,"Fantasy, Supernatural"
43713,Shinba Shounen to Nemuru Kyojin,,88,Shoujo,Supernatural
43949,Sensei Sayounara,,138,Shoujo,Romance
44047,Yama Hime no Mi,,292,,Hentai
44177,Kanojo no Kare,5.62,449,Shoujo,Horror
44229,Danganronpa 2: Chiaki Nanami's Goodbye Despair Quest,6.82,2236,Shounen,"Action, Horror, Mystery, Psychological, School"
44243,Super Danganronpa 2: Sayonara Zetsubou Gakuen - 4-koma KINGS,7.14,1471,,"Action, Comedy, Mystery, Psychological, School"
44365,Tokyo Photograph,6.66,589,Shoujo,"Comedy, Romance"
44441,"Zenryaku, Yuri no Sono yori",7.36,5005,,"Comedy, Girls Love, Slice of Life, School"
44657,Magical Mint Night,,33,Shoujo,
44811,Sabaku no Lion,,48,Josei,Romance
44835,Bride of Diaz,,48,Josei,Romance
44887,Hokori,,203,Shoujo,"Comedy, Romance"
44925,Card Master,,126,Shoujo,Supernatural
45099,Sunday's Child,,76,,"Boys Love, Drama, Slice of Life, Supernatural"
45111,"Oh, And a Bowl of Moxa is Coming",,60,,"Boys Love, Erotica"
45119,My Sempai,,188,,"Boys Love, Comedy, Slice of Life"
45191,Ties of Compassion,7.09,956,,"Comedy, Drama, Romance, Slice of Life, School"
45227,Amai Kusuri,,192,,"Boys Love, Hentai"
45235,Megane Apartment,,438,Shoujo,"Romance, Reverse Harem"
45263,Pride,,130,Seinen,"Sports, Team Sports"
45353,Yuyushiki,7.46,3100,,"Comedy, Slice of Life, CGDCT, Gag Humor, School"
45391,Taiiku Souko no Kokuhaku,6.5,391,,Hentai
45413,Hatsujou Exorcist: Harau to Hatsujou suru Ojousama ni Tsukaetemasu.,,110,,"Supernatural, Hentai"
45531,Otona no Tokken,,112,,"Boys Love, Erotica"
45543,Namaiki-Zakari!,,162,,"Romance, Hentai"
45557,Youkai Hunter: Yami no Kyakujin,,293,Seinen,"Horror, Mystery, Supernatural, Mythology"
45561,Hakuryuu Legend,,212,Seinen,"Drama, Organized Crime"
45632,Sol Trigger,,236,Shounen,"Action, Fantasy"
45743,OOxKokuhakuxOre,6.53,335,,"Boys Love, Romance"
46008,Kaguya: Tsuki no Usagi no Gin no Hakobune,,221,,"Comedy, Romance, Ecchi"
46028,Vision Noa,,80,Seinen,"Mystery, Supernatural, Super Power"
46044,The Onanie Supporting Committee,6.7,494,,Hentai
46158,Shigatsu no Hina,6.48,874,Shoujo,"Comedy, Romance, School"
46246,Aishite Baby,6.06,1228,,"Boys Love, Erotica, School"
46554,I Love You Enough to Tie You Up,,157,,"Boys Love, Erotica"
46602,Dangan Tenshi Fan Club,6.74,6126,Seinen,"Action, Comedy, School"
46790,Only Your Hero!!,6.67,300,Shoujo,"Drama, Fantasy, Romance"
46862,Passport Blue,,93,Shounen,"Drama, Sci-Fi, Space"
46976,Ore no Kimochi mo Shiranaide,,231,,"Boys Love, Erotica"
47002,Obito no Hime to Kubinashi Kishi,6.59,2311,Shoujo,"Action, Drama, Romance"
47134,Ogre Girl Next Door,,447,Seinen,"Comedy, Supernatural, Mythology"
47276,Imouto Loveru,6.59,1115,Shounen,"Romance, Supernatural, Ecchi, Harem, School"
47437,Oniichan Complex,5.72,549,,"Drama, Crossdressing, School"
47487,Momo no Musume!,5.34,6218,Seinen,"Comedy, Romance, Slice of Life, Ecchi, Harem"
47637,1-nen C-gumi Yoshida-gakari,6.61,697,Josei,"Comedy, School"
47677,Pico-Pico Boy,,287,,"Slice of Life, Memoir"
47719,Layla & Rei,,85,Shounen,Sci-Fi
47921,Wet Moon,7.17,2949,Seinen,Mystery
48019,Unmeitte Koto ni Shimasen ka?,,81,,"Boys Love, Erotica"
48241,Natsu to Fuyu node Au Basho,6.4,1216,,"Boys Love, Drama, Erotica"
48299,Dragon Jam,,292,Seinen,"Sports, Team Sports"
48399,No Game No Life,8.41,62816,,"Comedy, Fantasy, Ecchi, Isekai, Strategy Game"
48441,Danganronpa 2: Ultimate Luck and Hope and Despair,7.32,5392,,Mystery
48443,Daite Miyagare!,,71,,"Boys Love, Erotica"
48677,Inu to Ojousama,,50,Shoujo,"Romance, School"
48715,Giacomo Foscali,,106,Josei,"Slice of Life, Historical"
48869,Material Puzzle: Zero Kreuz,,178,Shounen,"Adventure, Fantasy"
48895,Bannou Kanteishi Q no Jikenbo,7.1,961,Seinen,Mystery
49017,Shino Can't Say Her Name,6.6,11936,,School
49055,Godzilla vs. Mechagodzilla: Kessenshi,,238,Seinen,"Action, Fantasy, Horror, Sci-Fi"
49233,Kare to Kanojo ga Uso wo Tsuku Hi,,403,Shoujo,"Drama, Romance, School"
49397,May I be in love with you?,7.3,13664,Shoujo,Romance
49433,Nikudore Shigan,6.63,334,,Hentai
49473,"Kaichou, Suki tte Ittemo Ii desu ka?",7.08,6737,Shoujo,"Romance, School"
49505,Houkago Play: High Heels,,516,,"Comedy, Romance, Slice of Life, School"
49557,Karei ni Shite Rifujin,,75,,"Action, Boys Love, Erotica"
49611,Hal,7.26,6613,Shoujo,"Romance, Sci-Fi"
49755,Cute Devil Girlfriend,7.27,3395,,"Supernatural, Hentai, School"
